
      
        {
          "clins": [
            {
              "clinId": 16318,
              "requestId": 1278217,
              "refClinId": 726,
              "clinNumber": "VZB-0768K-M00217",
              "clinUnitPrice": 270.92,
              "clinQuantity": 1,
              "clinDescription": "768K MPLS (PIP) Service (STD - 1)",
              "clinOperation": "DISCONNECT"
            },
            {
              "clinId": 16319,
              "requestId": 1278217,
              "refClinId": 1836,
              "clinNumber": "VZB-RTRMG-SM0001",
              "clinUnitPrice": 30,
              "clinQuantity": 1,
              "clinDescription": "Router Management - Small",
              "clinOperation": "DISCONNECT"
            },
            {
              "clinId": 16320,
              "requestId": 1278217,
              "refClinId": 1836,
              "clinNumber": "VZB-CISCO-FY13RR",
              "clinUnitPrice": 0,
              "clinQuantity": 1,
              "clinDescription": "FY2013 Router Refresh Project - Cisco 1941 w/2 GE,2 EHWIC slots,256MB CF,512MB DRAM,IP Base w/ HWIC-1DSU-T1",
              "clinOperation": "DISCONNECT"
            }
          ],
          "tabSecurity": "tab_clins=E,tab_comments=E,tab_contacts=E,tab_cpe=E,tab_equipment=E,tab_general_info=E,tab_ipdns=E,tab_notifications=E,tab_order_history=E,tab_order_items=E,tab_proposals=E,tab_services=E,tab_sites=E,tab_workflow=E",
          "proposalClins": [],
          "serviceClins": [
            {
              "clinId": 9584,
              "uspsSvcId": "DC-10023841",
              "clinNumber": "VZB-0768K-M00217",
              "clinUnitPrice": 270.92,
              "clinQuantity": 1,
              "clinDescription": "768K MPLS (PIP) Service (STD - 1)",
              "clinStatus": "ACTIVE",
              "billStartDate": "09/01/2011",
              "billStopDate": null,
              "sentToBillingDate": "09/30/2011",
              "requestId": 1250471,
              "custSiteId": "7055962"
            },
            {
              "clinId": 9585,
              "uspsSvcId": "DC-10023841",
              "clinNumber": "VZB-RTRMG-SM0001",
              "clinUnitPrice": 30,
              "clinQuantity": 1,
              "clinDescription": "Router Management - Small",
              "clinStatus": "ACTIVE",
              "billStartDate": "09/01/2011",
              "billStopDate": null,
              "sentToBillingDate": "09/30/2011",
              "requestId": 1250471,
              "custSiteId": "7055962"
            }
          ]
        }
      
