 [
      {
        "customerOrderNumber": "1999I00243",
        "orderType": "Initiate",
        "orderState": "Order Completed",
        "orderReceivedDate": 908510400000,
        "reqDueDate": 916376400000,
        "dataRate": "B - 56-KBS; B/U",
        "prevDataRate": " ",
        "fromFacility": "HYDE PARK CARRIER ANNEX",
        "fromSiteId": "240799-4136",
        "fromState": "MA",
        "fromNpanxx": "617364",
        "fromMainPhone": null,
        "toFacility": null,
        "toSiteId": null,
        "toState": null,
        "orderCategoryCode": "FEED",
        "requestId": 154,
        "sdpType": "02-FACEPLATE",
        "hotOrderInd": null,
        "serviceType": null,
        "serviceSubType": null,
        "bandwidth": null
      },
      {
        "customerOrderNumber": "1998I02035",
        "orderType": "Initiate",
        "orderState": "Order Completed",
        "orderReceivedDate": 895636800000,
        "reqDueDate": 900993600000,
        "dataRate": "B - 56-KBS; B/U",
        "prevDataRate": " ",
        "fromFacility": "UPHAMS CORNER MPO",
        "fromSiteId": "240799-0125",
        "fromState": "MA",
        "fromNpanxx": "617287",
        "fromMainPhone": null,
        "toFacility": null,
        "toSiteId": null,
        "toState": null,
        "orderCategoryCode": "FEED",
        "requestId": 174,
        "sdpType": "02-FACEPLATE",
        "hotOrderInd": null,
        "serviceType": null,
        "serviceSubType": null,
        "bandwidth": null
      },
      {
        "customerOrderNumber": "2001I04472",
        "orderType": "Initiate",
        "orderState": "Order Completed",
        "orderReceivedDate": 985237200000,
        "reqDueDate": 994737600000,
        "dataRate": "B - 56-KBS; B/U",
        "prevDataRate": " ",
        "fromFacility": "DARLINGTON STA",
        "fromSiteId": "436720-0861A",
        "fromState": "RI",
        "fromNpanxx": "401729",
        "fromMainPhone": "(401) 729-7825",
        "toFacility": null,
        "toSiteId": null,
        "toState": null,
        "orderCategoryCode": "FEED",
        "requestId": 213,
        "sdpType": "02-FACEPLATE",
        "hotOrderInd": null,
        "serviceType": null,
        "serviceSubType": null,
        "bandwidth": null
      },
      {
        "customerOrderNumber": "2001I02598",
        "orderType": "Initiate",
        "orderState": "Order Completed",
        "orderReceivedDate": 996206400000,
        "reqDueDate": 1001476800000,
        "dataRate": "BN - 56-KBS; NO B/U",
        "prevDataRate": " ",
        "fromFacility": "SALISBURY MPO",
        "fromSiteId": "086698-0168",
        "fromState": "CT",
        "fromNpanxx": "203782",
        "fromMainPhone": null,
        "toFacility": null,
        "toSiteId": null,
        "toState": null,
        "orderCategoryCode": "FEED",
        "requestId": 249,
        "sdpType": "01-LAN SIDE OF ROUTER",
        "hotOrderInd": null,
        "serviceType": null,
        "serviceSubType": null,
        "bandwidth": null
      },
      {
        "customerOrderNumber": "2001I02066",
        "orderType": "Initiate",
        "orderState": "Order Completed",
        "orderReceivedDate": 996206400000,
        "reqDueDate": 1001476800000,
        "dataRate": "M - VSAT-PRIME 14.4KB FULL",
        "prevDataRate": " ",
        "fromFacility": "TAFTVILLE MPO VSAT SITE",
        "fromSiteId": "088024-0380",
        "fromState": "CT",
        "fromNpanxx": "900000",
        "fromMainPhone": null,
        "toFacility": null,
        "toSiteId": null,
        "toState": null,
        "orderCategoryCode": "FEED",
        "requestId": 255,
        "sdpType": "06-VSAT (LAN SIDE OF INDOOR UNIT)",
        "hotOrderInd": null,
        "serviceType": null,
        "serviceSubType": null,
        "bandwidth": null
      },
      {
        "customerOrderNumber": "2001I01804",
        "orderType": "Initiate",
        "orderState": "Order Completed",
        "orderReceivedDate": 996206400000,
        "reqDueDate": 1001476800000,
        "dataRate": "M - VSAT-PRIME 14.4KB FULL",
        "prevDataRate": " ",
        "fromFacility": "NEW HARTFORD MPO VSAT",
        "fromSiteId": "084692-0157",
        "fromState": "CT",
        "fromNpanxx": "900000",
        "fromMainPhone": "(860) 379-5029",
        "toFacility": null,
        "toSiteId": null,
        "toState": null,
        "orderCategoryCode": "FEED",
        "requestId": 259,
        "sdpType": "06-VSAT (LAN SIDE OF INDOOR UNIT)",
        "hotOrderInd": null,
        "serviceType": null,
        "serviceSubType": null,
        "bandwidth": null
      },
      {
        "customerOrderNumber": "1997I02403",
        "orderType": "Initiate",
        "orderState": "Order Completed",
        "orderReceivedDate": 869803200000,
        "reqDueDate": 875246400000,
        "dataRate": "B - 56-KBS; B/U",
        "prevDataRate": " ",
        "fromFacility": "CROMWELL MPO",
        "fromSiteId": "081632-0416",
        "fromState": "CT",
        "fromNpanxx": "860635",
        "fromMainPhone": "(860) 635-5611",
        "toFacility": null,
        "toSiteId": null,
        "toState": null,
        "orderCategoryCode": "FEED",
        "requestId": 291,
        "sdpType": "02-FACEPLATE",
        "hotOrderInd": null,
        "serviceType": null,
        "serviceSubType": null,
        "bandwidth": null
      },
      {
        "customerOrderNumber": "1997I02413",
        "orderType": "Initiate",
        "orderState": "Order Completed",
        "orderReceivedDate": 869803200000,
        "reqDueDate": 875592000000,
        "dataRate": "B - 56-KBS; B/U",
        "prevDataRate": " ",
        "fromFacility": "NORWALK MPO",
        "fromSiteId": "085406-0856",
        "fromState": "CT",
        "fromNpanxx": "203838",
        "fromMainPhone": null,
        "toFacility": null,
        "toSiteId": null,
        "toState": null,
        "orderCategoryCode": "FEED",
        "requestId": 325,
        "sdpType": "02-FACEPLATE",
        "hotOrderInd": null,
        "serviceType": null,
        "serviceSubType": null,
        "bandwidth": null
      },
      {
        "customerOrderNumber": "1998I01986",
        "orderType": "Initiate",
        "orderState": "Order Completed",
        "orderReceivedDate": 895550400000,
        "reqDueDate": 900648000000,
        "dataRate": "B - 56-KBS; B/U",
        "prevDataRate": " ",
        "fromFacility": "ROSLINDALE STA",
        "fromSiteId": "240799-0131",
        "fromState": "MA",
        "fromNpanxx": "617323",
        "fromMainPhone": null,
        "toFacility": null,
        "toSiteId": null,
        "toState": null,
        "orderCategoryCode": "FEED",
        "requestId": 107,
        "sdpType": "02-FACEPLATE",
        "hotOrderInd": null,
        "serviceType": null,
        "serviceSubType": null,
        "bandwidth": null
      },
      {
        "customerOrderNumber": "1998I01997",
        "orderType": "Initiate",
        "orderState": "Order Completed",
        "orderReceivedDate": 895550400000,
        "reqDueDate": 900907200000,
        "dataRate": "B - 56-KBS; B/U",
        "prevDataRate": " ",
        "fromFacility": "WABAN BR",
        "fromSiteId": "240799-0168",
        "fromState": "MA",
        "fromNpanxx": "617527",
        "fromMainPhone": null,
        "toFacility": null,
        "toSiteId": null,
        "toState": null,
        "orderCategoryCode": "FEED",
        "requestId": 133,
        "sdpType": "02-FACEPLATE",
        "hotOrderInd": null,
        "serviceType": null,
        "serviceSubType": null,
        "bandwidth": null
      },
      {
        "customerOrderNumber": "1998I01995",
        "orderType": "Initiate",
        "orderState": "Order Completed",
        "orderReceivedDate": 895550400000,
        "reqDueDate": 900907200000,
        "dataRate": "B - 56-KBS; B/U",
        "prevDataRate": " ",
        "fromFacility": "NEWTON CARRIER ANNEX",
        "fromSiteId": "240799-0159",
        "fromState": "MA",
        "fromNpanxx": "617244",
        "fromMainPhone": null,
        "toFacility": null,
        "toSiteId": null,
        "toState": null,
        "orderCategoryCode": "FEED",
        "requestId": 137,
        "sdpType": "02-FACEPLATE",
        "hotOrderInd": null,
        "serviceType": null,
        "serviceSubType": null,
        "bandwidth": null
      },
      {
        "customerOrderNumber": "1998I01984",
        "orderType": "Initiate",
        "orderState": "Order Completed",
        "orderReceivedDate": 895550400000,
        "reqDueDate": 900648000000,
        "dataRate": "B - 56-KBS; B/U",
        "prevDataRate": " ",
        "fromFacility": "MATTAPAN STA",
        "fromSiteId": "240799-0126",
        "fromState": "MA",
        "fromNpanxx": "617296",
        "fromMainPhone": null,
        "toFacility": null,
        "toSiteId": null,
        "toState": null,
        "orderCategoryCode": "FEED",
        "requestId": 144,
        "sdpType": "02-FACEPLATE",
        "hotOrderInd": null,
        "serviceType": null,
        "serviceSubType": null,
        "bandwidth": null
      },
      {
        "customerOrderNumber": "1999I00241",
        "orderType": "Initiate",
        "orderState": "Order Completed",
        "orderReceivedDate": 908510400000,
        "reqDueDate": 916376400000,
        "dataRate": "B - 56-KBS; B/U",
        "prevDataRate": " ",
        "fromFacility": "FENWAY CARRIER ANNEX",
        "fromSiteId": "240799-4109",
        "fromState": "MA",
        "fromNpanxx": "617375",
        "fromMainPhone": null,
        "toFacility": null,
        "toSiteId": null,
        "toState": null,
        "orderCategoryCode": "FEED",
        "requestId": 158,
        "sdpType": "02-FACEPLATE",
        "hotOrderInd": null,
        "serviceType": null,
        "serviceSubType": null,
        "bandwidth": null
      },
      {
        "customerOrderNumber": "2001I02613",
        "orderType": "Initiate",
        "orderState": "Order Completed",
        "orderReceivedDate": 996465600000,
        "reqDueDate": 1001563200000,
        "dataRate": "M - VSAT-PRIME 14.4KB FULL",
        "prevDataRate": " ",
        "fromFacility": "CRANSTON FIN STA VSAT",
        "fromSiteId": "437140-0111",
        "fromState": "RI",
        "fromNpanxx": "900000",
        "fromMainPhone": null,
        "toFacility": null,
        "toSiteId": null,
        "toState": null,
        "orderCategoryCode": "FEED",
        "requestId": 205,
        "sdpType": "06-VSAT (LAN SIDE OF INDOOR UNIT)",
        "hotOrderInd": null,
        "serviceType": null,
        "serviceSubType": null,
        "bandwidth": null
      }]
