
      {
        "siteId": 1052,
        "customerSiteId": "102203-8101",
        "name": "NAVY ANNEX STA",
        "streetAddress1": "1 NAVY ANNEX BLDG FOB2",
        "city": "ARLINGTON",
        "stateDesc": "Virginia",
        "zip": "22214-0001",
        "country": "USA",
        "regionDesc": "Mid-Atlantic- Southeast",
        "districtDesc": "CAPITAL",
        "pvp": "PYM ",
        "npa": 703,
        "nxx": 695,
        "asbestosReportDesc": "Yes",
        "blueprintDesc": "",
        "siteTypeDesc": "01 - SMALL ASSOCIATE OFFICE",
        "mainPhone": "703 - 271 - 9185",
        "fdbId": null

      }
    