 [{
  "siteId": 310,
        "siteCustomerSiteId": "102203-8102",
        "siteOldCustomerSiteId": null,
        "siteIdentifierType": "LARGE",
        "migratedFlag": "N",
        "siteIdentifier": "ENG RES & DEV CENTER",
        "addressCity": "FAIRFAX",
        "addressState": "VA",
        "addressZip": "22082-8101",
        "siteStampsDistrict": "NORTHERN VIRGINIA",
        "siteStampsPvp": "GNJ",
        "fdbId": null
    },
    {
      
        "siteId": 4100,
        "siteCustomerSiteId": "515880-8612",
        "siteOldCustomerSiteId": null,
        "siteIdentifierType": "LARGE",
        "migratedFlag": "N",
        "siteIdentifier": "BRANDERMILL STA",
        "addressCity": "MIDLOTHIAN",
        "addressState": "VA",
        "addressZip": "23112-4865",
        "siteStampsDistrict": "RICHMOND",
        "siteStampsPvp": "GNJ",
        "fdbId": null
    
    },

    {
      "siteId": 702,
        "siteCustomerSiteId": "104006-4151",
        "siteOldCustomerSiteId": null,
        "siteIdentifierType": "LARGE",
        "migratedFlag": "N",
        "siteIdentifier": "JMCS",
        "addressCity": "CENTREVILLE",
        "addressState": "VA",
        "addressZip": "20121-2425",
        "siteStampsDistrict": "NORTHERN VIRGINIA",
        "siteStampsPvp": "GNJ",
        "fdbId": null
    },

{
  "siteId": 1052,
        "siteCustomerSiteId": "105000-8249",
        "siteOldCustomerSiteId": null,
        "siteIdentifierType": "SMALL",
        "migratedFlag": "N",
        "siteIdentifier": "NAVY ANNEX STA",
        "addressCity": "ARLINGTON",
        "addressState": "VA",
        "addressZip": "22214-0001",
        "siteStampsDistrict": "CAPITAL",
        "siteStampsPvp": "PYM",
        "fdbId": null
    },
    {
        "siteId": 3821,
        "siteCustomerSiteId": "511758-0831",
        "siteOldCustomerSiteId": null,
        "siteIdentifierType": "LARGE",
        "migratedFlag": "N",
        "siteIdentifier": "CHESTER MPO",
        "addressCity": "CHESTER",
        "addressState": "VA",
        "addressZip": "23831-1733",
        "siteStampsDistrict": "RICHMOND",
        "siteStampsPvp": "GNJ",
        "fdbId": null
    },
    {
        "siteId": 3822,
        "siteCustomerSiteId": "512726-2861",
        "siteOldCustomerSiteId": null,
        "siteIdentifierType": "SMALL",
        "migratedFlag": "N",
        "siteIdentifier": "INSPECTION SERVICE ITD",
        "addressCity": "ARLINGTON",
        "addressState": "VA",
        "addressZip": "22201-3001",
        "siteStampsDistrict": "NORTHERN VIRGINIA",
        "siteStampsPvp": "GNJ",
        "fdbId": null
    }]

