
      {
        "siteId": 10590,
        "customerSiteId": "104006-4151",
        "name": "NAVY ANNEX STA",
        "streetAddress1": "1 NAVY ANNEX BLDG FOB2",
        "city": "Anchorage",
        "stateDesc": "Alaska",
        "zip": "20147-0001",
        "country": "United States Of America",
        "regionDesc": "Mid-Atlantic- Southeast",
        "districtDesc": "CAPITAL",
        "pvp": "PYM ",
        "npa": 703,
        "nxx": 695,
        "asbestosReportDesc": "Yes",
        "blueprintDesc": "",
        "siteTypeDesc": "01 - SMALL ASSOCIATE OFFICE",
        "mainPhone": "703 - 271 - 9185",
        "fdbId": null

      }
    