
    {
        "temInfo": {
            "temId": 9092,
            "requestId": 1278160,
            "uspsWorkStatus": "Ordered",
            "expediteRequestIndicator": null,
            "vendor": "Verizon",
            "paymentContractAccount": "1CTELE-11-C-0034",
            "demarc": null,
            "technicianEmail": "sonya.y.jones@usps.gov",
            "uspsIsManagerName": "RICHARD MCGURK",
            "uspsIsManagerPhone": "8019742262",
            "uspsPriContactName": "Laura Hubrich",
            "uspsPriContactPhone": "8019742948",
            "uspsAltContactName": "Richard McGurk",
            "uspsAltContactPhone": "8019742262",
            "billDirectIndicator": "N",
            "billDirectSiteId": null,
            "billContactName": null,
            "billContactPhone": null,
            "billLocationName": null,
            "billLocationAddress1": null,
            "billLocationCity": null,
            "billLocationState": null,
            "billLocationZipcode": null,
            "billDeliveryOrderNumber": null,
            "serviceType": "Dedicated Circuit",
            "serviceSubtype": null,
            "serviceIdentifier": "DC-10044887",
            "circuitId": null,
            "networkServiceProvider": null,
            "deviceName": null,
            "ipAddressRequest": "Y",
            "lanIpAddress": null,
            "lanIpSubnet": null,
            "wanIp": null,
            "wanSubnet": null,
            "primaryDns": null,
            "secondaryDns": null,
            "wanSpeed": null,
            "lanSpeed": null,
            "lanDuplex": null,
            "ipHelper": null,
            "ipType": null,
            "oobPhoneNumber": null,
            "specialInstructions": "Please provision dual 4.5Mb bundled service at this location.   New full Class C IP subnet required.  Also, please establish two additional full class C IP subnets for MPE/MPI primary/secondary interfaces with no DHCP scope configured as follows: \nRouter # 1:  Configure 1st Ethernet interface with IP Subnet for ADMIN LAN; \nRouter # 2:  Configure Ethernet interface with (2) IP Subnets for MPE/MPI. No IP Helper needed \n  \nThis site is scheduled to open May 2014.\nThis is order 1 of 2"
        },
        "ordInfo": {
            "custReqDueDate": "04/01/2014",
            "customerRequestNum": "68432-3",
            "customerOrderType": "Initiate",
            "methodRecieved": "Data Feed",
            "state": "Submitted to VzB",
            "custProjectId": null,
            "projectId": null,
            "corpDueDate": null,
            "actualCompletionDate": null,
            "customerExpediteFlag": "No",
            "corpExpediteFlag": " ",
            "orderReceivedDate": "07/23/2014",
            "createDate": "07/23/2014",
            "gmBillingStopDate": null,
            "gmBillingStartDate": null,
            "vendorInstructions": "Please provision dual 4.5Mb bundled service at this location.   New full Class C IP subnet required.  Also, please establish two additional full class C IP subnets for MPE/MPI primary/secondary interfaces with no DHCP scope configured as follows: \nRouter # 1:  Configure 1st Ethernet interface with IP Subnet for ADMIN LAN; \nRouter # 2:  Configure Ethernet interface with (2) IP Subnets for MPE/MPI. No IP Helper needed \n  \nThis site is scheduled to open May 2014.\nThis is order 1 of 2",
            "dateSoAuthorized": null,
            "authorizedByName": "JONES1SY (JONES, SONYA)",
            "orderCategoryCode": "TEM ORDER",
            "custCancelIndicator_code": "No",
            "uspsApplicationCode": " ",
            "uspsPhaseCode": " ",
            "uspsSiteCategoryCode": " ",
            "dataRateCode": " ",
            "prevDataRateCode": " ",
            "siteTypeCode": " ",
            "sdpTypeCode": " ",
            "numDrop": null,
            "numAddlDrop": null,
            "numEnetPort": null,
            "numAddlEnetPort": null,
            "aoiDeploymentCode": " ",
            "aoiDepCode": " ",
            "prnCode": " ",
            "wiringCode": " ",
            "ipAddressReqCode": "Yes"
        }
    }
