 [{
      "siteId": 4100,
      "siteCustomerSiteId": "515880 - 8612",
      "siteOldCustomerSiteId": null,
      "siteIdentifierType": "LARGE",
      "migratedFlag": "N",
      "siteIdentifier": "BRANDERMILL STA",
      "addressCity": "MIDLOTHIAN",
      "addressState": "VA",
      "addressZip": "23112 - 4865",
      "siteStampsDistrict": "RICHMOND",
      "siteStampsPvp": "GNJ",
      "fdbId": null
    },
    {
      "siteId": 4170,
      "siteCustomerSiteId": "515880 - 8612",
      "siteOldCustomerSiteId": null,
      "siteIdentifierType": "LARGE",
      "migratedFlag": "N",
      "siteIdentifier": "BRANDERMILL STA",
      "addressCity": "MIDLOTHIAN",
      "addressState": "VA",
      "addressZip": "23112 - 4865",
      "siteStampsDistrict": "RICHMOND",
      "siteStampsPvp": "GNJ",
      "fdbId": null
    },

    {
      "siteId": 4200,
      "siteCustomerSiteId": "515880 - 8612",
      "siteOldCustomerSiteId": null,
      "siteIdentifierType": "LARGE",
      "migratedFlag": "N",
      "siteIdentifier": "BRANDERMILL STA",
      "addressCity": "MIDLOTHIAN",
      "addressState": "VA",
      "addressZip": "23112 - 4865",
      "siteStampsDistrict": "RICHMOND",
      "siteStampsPvp": "GNJ",
      "fdbId": null
    },

{
      "siteId": 4190,
      "siteCustomerSiteId": "515880 - 8612",
      "siteOldCustomerSiteId": null,
      "siteIdentifierType": "LARGE",
      "migratedFlag": "N",
      "siteIdentifier": "BRANDERMILL STA",
      "addressCity": "MIDLOTHIAN",
      "addressState": "VA",
      "addressZip": "23112 - 4865",
      "siteStampsDistrict": "RICHMOND",
      "siteStampsPvp": "GNJ",
      "fdbId": null
    }]

